{"cameraMode":{"drawMode":0,"name":"Shaded","section":"Shading Mode"},"sceneLighting":true,"audioPlay":false,"sceneViewState":{"m_AlwaysRefresh":false,"showFog":true,"showSkybox":true,"showFlares":true,"showImageEffects":true,"showParticleSystems":true,"showVisualEffectGraphs":true,"m_FxEnabled":true},"in2DMode":false,"pivot":{"x":3.2716331481933595,"y":1.6518301963806153,"z":1.5487282276153565},"rotation":{"x":0.1223236694931984,"y":-0.6269062757492065,"z":0.10052675008773804,"w":0.7628374099731445},"size":7.485637187957764,"orthographic":true}