{"cameraMode":{"drawMode":0,"name":"Shaded","section":"Shading Mode"},"sceneLighting":true,"audioPlay":false,"sceneViewState":{"m_AlwaysRefresh":false,"showFog":true,"showSkybox":true,"showFlares":true,"showImageEffects":true,"showParticleSystems":true,"showVisualEffectGraphs":true,"m_FxEnabled":true},"in2DMode":false,"pivot":{"x":-1.7273296117782593,"y":14.314163208007813,"z":88.02352905273438},"rotation":{"x":0.6644821763038635,"y":-0.01120824459940195,"z":0.009967944584786892,"w":0.7471573948860169},"size":94.15728759765625,"orthographic":false}